{
  "timestamp": "2025-07-17T23:49:01.040725",
  "total_episodes": 49,
  "success_rate": 0.0,
  "average_reward": -683.0056453871706,
  "best_episode": 9999
}